{
  "AUC": 0.7316316311525366,
  "MRR": 0.43790409554576043,
  "nDCG@5": 0.418958355099749,
  "nDCG@10": 0.47438181658143624,
  "n_impressions": 38369
}